Transcription Factor,1st Sample p-value,2nd Sample p-value,3rd Sample p-value,4th Sample p-value,5th Sample p-value
VDR,M00444;4.59E-06,MC00412;2.88E-04,M00961;2.90E-03,,
Zbtb3,UP00031;1.04E-05,,,,
PPARG::RXRA,M00518;1.53E-05,M00515;2.72E-01,,,
Zfp281,UP00021;3.93E-05,,,,
SRF,MC00355;4.37E-05,,,,
INSM1,MA0155;5.27E-05,,,,
ATF4,M00514;1.01E-04,MS00293;6.18E-01,,,
ATF1,UP00020;1.03E-04,,,,
PPARG,MC00142;1.45E-04,MA0066;1.62E-01,,,
SMAD3,UP00000;1.53E-04,MS00080;2.97E-02,MC00503;1.29E-01,,
ZNF306,MS00401;2.08E-04,,,,
PAX4,M00378;2.53E-04,M00373;2.19E-02,MS00121;4.52E-01,,
ZNF589,M01109;2.59E-04,,,,
GLIS2,MS00035;2.96E-04,,,,
Tfcp2,MC00518;3.31E-04,,,,
TFAP2C,MC00374;3.82E-04,,,,
Ovol2,M01104;4.86E-04,,,,
OTX2,MS00585;4.88E-04,,,,
Zfp740,MS00512;5.41E-04,,,,
PLAG1,MA0163;5.63E-04,,,,
ZIC2,M00449;5.84E-04,UP00057;7.25E-03,,,
Ppara,MC00134;6.38E-04,,,,
Creb5,MS00313;6.47E-04,,,,
ZNF740,MS00445;6.50E-04,,,,
Pparg,MC00130;6.57E-04,,,,
ZNF219,M01122;7.41E-04,,,,
Egr2,MC00430;7.51E-04,,,,
Stat3,MC00140;7.52E-04,,,,
UBP1,M00644;7.92E-04,,,,
MAF,M00648;9.54E-04,M00983;5.97E-02,,,
MEIS1,UP00186;9.78E-04,MC00520;8.38E-01,,,
Tcfcp2l1,MA0145;1.09E-03,,,,
KLF15,M01714;1.16E-03,,,,
AHR,M00139;1.28E-03,,,,
KLF16,MS00146;1.45E-03,,,,
PAX8,M00717;1.46E-03,,,,
ZNF524,MS00423;1.48E-03,,,,
ZNF711,MC00477;1.52E-03,,,,
PATZ1,M00491;1.56E-03,,,,
MEIS2,MS00083;1.63E-03,,,,
EGR1,MC00320;1.69E-03,,,,
PAX1,M00326;1.83E-03,MS00117;7.28E-02,M00808;2.95E-01,,
Hic1,MS00101;2.03E-03,,,,
Pax5,MC00257;2.04E-03,,,,
ZIC1,M00448;2.04E-03,MS00334;4.07E-03,UP00102;8.57E-03,,
PAX5,MC00332;2.26E-03,M00143;1.13E-02,MA0014;4.87E-02,,
Glis2,UP00024;2.32E-03,,,,
ZBTB7B,M01175;2.38E-03,MS00312;6.20E-03,,,
GLI2,MS00843;2.40E-03,,,,
Rara,MC00252;2.47E-03,MS00698;1.59E-01,,,
RUNX2,MS00173;2.59E-03,MS00174;4.72E-02,MC00215;4.16E-01,,
RXRG,MS00694;2.66E-03,,,,
Klf1,MC00110;2.68E-03,,,,
Rhox11,UP00193;2.80E-03,MS00611;1.21E-01,,,
MYBL1,MS00100;2.91E-03,MS00097;6.12E-02,,,
ZBTB7A,MC00376;2.94E-03,MS00301;4.30E-03,M01100;9.69E-03,,
EGR2,MC00319;3.04E-03,,,,
ETS1,MC00278;3.07E-03,MS00851;5.37E-01,,,
RREB1,MA0073;3.11E-03,,,,
TFAP2B,MS00229;3.39E-03,MS00230;7.55E-03,MS00228;1.28E-02,,
SP3,MS00223;3.47E-03,M00665;6.61E-03,,,
Tcfap2a,MS00241;3.58E-03,MS00240;3.92E-03,MS00239;7.65E-03,,
TAL1,MC00458;3.65E-03,M00993;9.19E-01,,,
PRDM4,MS00726;3.77E-03,,,,
Ebf1,MC00358;3.88E-03,,,,
MAZ,M00649;3.88E-03,,,,
PGR,MC00170;4.09E-03,,,,
SP1,MS00212;4.14E-03,MC00113;3.23E-01,,,
PITX1,MS00595;4.18E-03,,,,
GCM1,MS00047;4.34E-03,MS00048;1.19E-01,,,
TFCP2,M00072;4.43E-03,MS00579;3.82E-02,,,
GMEB2,MS00183;4.67E-03,MS00182;1.16E-01,MS00721;5.92E-01,,
EGR3,MS00567;4.87E-03,,,,
ZNF143,MC00391;4.93E-03,,,,
EGR4,MS00678;5.11E-03,,,,
Rfx1,MC00144;5.17E-03,,,,
Tcfap2c,UP00087;5.18E-03,,,,
BACH1,M00495;5.29E-03,,,,
JDP2,MS00320;5.31E-03,MS00319;7.85E-02,,,
Klf7,UP00093;5.37E-03,,,,
TFAP2A,MC00530;5.40E-03,MS00227;8.60E-03,,,
ZNF263,MC00192;5.48E-03,,,,
GLI1,M01037;5.69E-03,,,,
RXRA,MC00467;5.79E-03,,,,
Zic3,UP00006;5.83E-03,MS00523;1.94E-02,,,
RARG,MS00684;5.84E-03,MS00680;5.87E-03,MS00682;2.89E-01,,
ESR2,MC00333;6.17E-03,,,,
Lhx8,UP00184;6.31E-03,MS00549;7.58E-01,MS00550;8.12E-01,MS00548;9.71E-01,
DMBX1,MS00433;6.49E-03,,,,
FOS,MC00330;6.56E-03,,,,
Meis2,MS00086;6.78E-03,MS00087;7.84E-03,,,
NR2C2,MC00509;7.13E-03,MS00651;2.88E-02,,,
KLF12,M00468;7.25E-03,,,,
TEAD4,MS00224;7.48E-03,,,,
ATF7,MS00294;7.52E-03,,,,
Rest,MC00125;7.65E-03,,,,
Jdp2,MS00325;7.65E-03,MS00324;8.44E-03,,,
GLIS1,MS00024;7.71E-03,,,,
Tcfap2b,UP00010;7.76E-03,,,,
HNF4A,MC00432;7.98E-03,UP00066;1.71E-01,,,
XBP1,UP00330;8.00E-03,MS00342;3.83E-02,,,
ESRRG,MS00638;8.09E-03,,,,
SP4,MS00235;8.39E-03,,,,
Obox5,M01480;8.39E-03,,,,
Hnf4a,MC00344;8.74E-03,,,,
Usf2,MC00169;9.09E-03,,,,
NHLH1,MS00274;9.26E-03,,,,
BCL6,MC00386;9.37E-03,M01171;6.04E-01,,,
HES5,MS00255;9.40E-03,,,,
RFX4,UP00056;9.41E-03,,,,
BACH2,M00490;9.83E-03,,,,
Tcfap2e,UP00028;1.02E-02,,,,
NR1H3,M00647;1.02E-02,,,,
PAX6,MS00125;1.04E-02,M00979;2.35E-01,UP00224;4.21E-01,,
NEUROD1,M01288;1.07E-02,,,,
Zfx,MC00328;1.07E-02,,,,
TBX2,MS00211;1.10E-02,MS00213;8.17E-02,,,
BATF,MC00411;1.16E-02,,,,
Gmeb1,UP00084;1.16E-02,,,,
Rxrg,MC00511;1.17E-02,,,,
Rfx2,MS00171;1.20E-02,MS00170;1.43E-01,,,
MEIS3,MS00085;1.21E-02,MS00084;1.25E-02,,,
ZIC4,MS00357;1.21E-02,,,,
GCM2,MS00050;1.21E-02,,,,
PITX3,MS00596;1.22E-02,,,,
NFIB,MS00114;1.23E-02,,,,
Zscan10,M01742;1.24E-02,,,,
ARID5B,M00454;1.25E-02,,,,
ATF2,M00179;1.27E-02,,,,
ZBTB33,MC00418;1.28E-02,M01119;6.18E-01,,,
E2F4,MC00523;1.28E-02,,,,
MTF1,MS00725;1.28E-02,M01243;4.41E-02,,,
Egr3,MS00789;1.30E-02,,,,
Klf4,MC00109;1.34E-02,,,,
THRB,MS00710;1.35E-02,MS00711;2.20E-02,MS00713;5.78E-02,,
WT1,M01118;1.35E-02,,,,
SP8,MS00246;1.35E-02,,,,
E2f3,MC00510;1.37E-02,,,,
PITX2,UP00125;1.39E-02,,,,
IKZF1,M00141;1.40E-02,M00088;5.95E-01,,,
CNTN2::CREB1,M00115;1.42E-02,,,,
JUN,MC00321;1.43E-02,,,,
Tead4,MC00157;1.44E-02,,,,
NR1I2,M00964;1.47E-02,,,,
RFX3,MC00203;1.48E-02,,,,
MEF2B,MS00075;1.48E-02,,,,
HIF1A,MC00316;1.54E-02,,,,
GLI3,M01596;1.55E-02,,,,
MYBL2,MS00105;1.56E-02,MS00103;6.70E-02,MS00102;1.44E-01,,
HINFP1,MS00079;1.57E-02,MS00090;7.99E-02,,,
CREB3L1,MS00304;1.58E-02,,,,
Nfic,MC00475;1.61E-02,,,,
ZBTB7C,MS00323;1.62E-02,,,,
PAX2,MS00118;1.63E-02,MA0067;2.33E-02,M00486;1.32E-01,,
TEAD3,MS00221;1.66E-02,MS00222;4.01E-02,,,
PAX9,MS00128;1.66E-02,,,,
FOXO4,MS00383;1.68E-02,MS00381;1.27E-01,,,
Tp53,MS00718;1.74E-02,MS00717;8.81E-01,,,
KLF13,MS00124;1.77E-02,,,,
GTF2I,M00706;1.77E-02,,,,
ZIC3,MS00346;1.80E-02,,,,
Esr1,MC00295;1.80E-02,,,,
JUNB,MC00371;1.80E-02,,,,
SREBF1,M00749;1.82E-02,M00220;9.38E-02,,,
TP73,MC00132;1.83E-02,,,,
MZF1,M01733;1.95E-02,,,,
MESP1,MS00264;2.01E-02,,,,
TP63,MC00439;2.06E-02,,,,
REST,MC00174;2.06E-02,,,,
GLIS3,MS00046;2.08E-02,,,,
TEAD1,MS00219;2.09E-02,MS00220;3.72E-01,,,
Irf4,UP00018;2.10E-02,MC00190;2.43E-01,,,
PBX3,MC00281;2.10E-02,,,,
HNF1B,M00646;2.12E-02,M01425;3.57E-01,MS00478;8.09E-01,,
CENPB,MS00534;2.14E-02,,,,
E2F6,MC00254;2.18E-02,M01252;2.51E-01,,,
Zfp423,MA0116;2.20E-02,,,,
JUND,MC00456;2.21E-02,,,,
IRF2,MA0051;2.22E-02,,,,
TFCP2L1,M01592;2.27E-02,,,,
IRF4,MS00065;2.36E-02,MC00227;1.16E-01,,,
FOXD3,MS00359;2.41E-02,MA0041;5.83E-01,MS00358;8.46E-01,,
GTF2IRD1,M01229;2.46E-02,M01241;1.39E-01,,,
SP2,M01783;2.49E-02,,,,
ESR1,MC00335;2.59E-02,,,,
Zfp410,UP00033;2.60E-02,,,,
Creb3l2,MS00311;2.62E-02,,,,
RARA,UP00048;2.65E-02,,,,
DEAF1,M01002;2.75E-02,,,,
SOX10,MS00740;2.77E-02,MA0442;1.93E-01,MS00744;3.17E-01,,
Tbx3,MC00221;2.77E-02,,,,
TBX21,MS00207;2.81E-02,MS00208;1.82E-01,,,
KLF14,MS00135;2.89E-02,,,,
BATF3,MS00296;2.91E-02,,,,
Klf12,MS00157;2.92E-02,,,,
E2f4,MC00158;2.99E-02,,,,
TEAD2,M00695;3.02E-02,,,,
MEF2D,MS00076;3.05E-02,,,,
ETV1,MC00427;3.05E-02,,,,
Jund,MC00154;3.06E-02,,,,
Jun,MC00349;3.10E-02,,,,
E2F3,UP00003;3.12E-02,MS00734;3.17E-01,,,
MAFG,MS00327;3.13E-02,,,,
BRCA1,MC00299;3.13E-02,,,,
E2F1::TFDP1,M00736;3.14E-02,,,,
SIX4,UP00199;3.16E-02,,,,
HOXC10,MS00495;3.23E-02,MS00494;5.30E-01,MS00496;9.09E-01,,
Otp,UP00237;3.30E-02,,,,
E2F2,UP00001;3.31E-02,MS00712;5.94E-01,,,
CREB3,MS00308;3.38E-02,,,,
THRA,MS00709;3.50E-02,,,,
IRF6,UP00011;3.56E-02,,,,
NR0B1,M01248;3.59E-02,,,,
Snai1,MC00183;3.68E-02,,,,
TBX5,MS00216;3.79E-02,MS00217;1.57E-01,,,
PAX3,M00327;3.80E-02,MS00119;9.09E-01,,,
ARNT,MC00262;3.85E-02,,,,
Batf,MC00508;3.86E-02,,,,
E2F1,MC00182;3.91E-02,MS00815;9.72E-02,,,
HES1,M01009;3.96E-02,,,,
PKNOX2,MS00092;4.11E-02,,,,
Zfp691,UP00095;4.17E-02,,,,
ETV3,MC00160;4.19E-02,,,,
Nkx2-9,UP00119;4.20E-02,,,,
TBR1,MS00191;4.26E-02,,,,
ELK4,MC00207;4.27E-02,,,,
Gsc,UP00112;4.36E-02,,,,
Creb1,MC00163;4.37E-02,,,,
T,MS00218;4.44E-02,,,,
ZBTB49,MS00727;4.45E-02,,,,
SCRT1,MS00179;4.46E-02,,,,
Crx,MC00357;4.49E-02,,,,
PKNOX1,MS00091;4.61E-02,,,,
RELA,MC00193;4.66E-02,,,,
Mafb,MS00335;4.67E-02,MS00333;8.23E-02,,,
HIC1,UP00035;4.68E-02,,,,
FOXN1,M00332;4.69E-02,,,,
EOMES,MC00276;4.70E-02,,,,
YY1,MC00342;4.78E-02,,,,
ZBTB6,M00085;4.81E-02,,,,
Rarg,MS00704;4.81E-02,MC00476;1.03E-01,MS00705;4.15E-01,,
FOXH1,MC00304;4.87E-02,M00809;2.94E-01,,,
Rxrb,MS00708;4.91E-02,,,,
SREBF2,M01177;4.95E-02,MS00281;1.41E-01,,,
Ctcf,MC00187;4.98E-02,,,,
MYC,MC00394;5.03E-02,,,,
TEF,M01305;5.08E-02,MS00339;1.12E-01,M00672;5.18E-01,,
CTCF,MC00128;5.19E-02,,,,
Etv5,UP00412;5.26E-02,,,,
USF1,MC00248;5.30E-02,,,,
Hdx,UP00148;5.37E-02,,,,
Stat1,MC00141;5.52E-02,,,,
Esrrb,MC00512;5.54E-02,,,,
Ascl2,MS00243;5.54E-02,,,,
SMAD4,MC00392;5.66E-02,M00733;9.12E-02,,,
Hoxd9,MS00524;5.68E-02,MS00525;7.03E-01,,,
Gfi1b,MC00293;5.72E-02,,,,
HOXB3,MS00492;5.79E-02,,,,
Meis3,MS00089;5.85E-02,MS00088;7.44E-02,,,
E2F1::TFDP2,M00737;6.05E-02,,,,
POLR2B,MC00505;6.07E-02,,,,
MEF2A,M00405;6.10E-02,MC00232;1.17E-01,,,
YY2,MS00268;6.16E-02,,,,
NFIX,MS00115;6.18E-02,MS00822;6.63E-01,,,
PLAGL1,UP00088;6.19E-02,,,,
Sox2,MC00303;6.20E-02,,,,
SIX3,UP00195;6.21E-02,,,,
Runx1,MC00413;6.22E-02,,,,
Mycn,MC00532;6.25E-02,,,,
SFPI1,MC00513;6.32E-02,,,,
GABPB1,M00341;6.36E-02,,,,
SIX5,MC00334;6.38E-02,,,,
DBP,M00624;6.45E-02,MS00315;3.04E-01,,,
Obox2,M01364;6.51E-02,,,,
ATF6,M00483;6.54E-02,,,,
Tbx21,MC00356;6.54E-02,,,,
NFIC,MA0161;6.55E-02,,,,
Hmbox1,UP00161;6.57E-02,,,,
TFE3,MS00288;6.62E-02,,,,
Pknox2,MS00093;6.69E-02,,,,
NKX2-8,MS00571;6.81E-02,,,,
Myc,MC00407;6.84E-02,,,,
NANOG,M01247;6.92E-02,MC00440;6.34E-01,M01123;7.31E-01,,
ATF2::JUN,M00041;6.93E-02,,,,
ELF1,MC00457;7.01E-02,,,,
Hlf,MS00318;7.07E-02,,,,
GATA4,M00632;7.20E-02,,,,
HES7,MS00256;7.28E-02,,,,
RUNX1,MC00312;7.45E-02,M00082;8.44E-01,,,
RFX2,MS00162;7.51E-02,MS00161;2.26E-01,,,
NKX2-3,UP00190;7.53E-02,MS00566;5.70E-01,,,
Gm5454,UP00423;7.53E-02,,,,
Otx1,MS00586;7.69E-02,,,,
Srebf1,MS00282;7.98E-02,,,,
FLI1,MC00398;8.16E-02,MS00027;4.34E-01,,,
Zfp161,UP00065;8.23E-02,,,,
Nkx2-6,UP00147;8.28E-02,,,,
GATA1,MC00120;8.31E-02,,,,
TCF3,M00222;8.31E-02,UP00058;3.55E-01,,,
HMGN1,MC00502;8.38E-02,,,,
Isl2,UP00170;8.49E-02,,,,
SMAD1,M00792;8.55E-02,M01590;8.01E-01,,,
TBX4,MS00214;8.55E-02,,,,
POU1F1,UP00158;8.55E-02,MS00129;5.73E-01,MS00130;8.06E-01,,
NKX3-1,UP00389;8.61E-02,MS00572;6.31E-01,,,
HMBOX1,MS00472;8.68E-02,,,,
NR4A1,MC00280;8.71E-02,,,,
FOSL1,MC00351;8.74E-02,,,,
HMGA1,M01010;8.77E-02,M00750;4.65E-01,,,
CEBPG,MS00302;8.78E-02,M00622;2.66E-01,,,
NFE2,MS00336;8.81E-02,,,,
ETV5,MS00019;8.94E-02,,,,
AIRE,M00999;8.98E-02,,,,
MGA,MS00186;9.12E-02,MS00188;1.15E-01,,,
BHLHE41,MS00251;9.23E-02,,,,
HIC2,MS00057;9.24E-02,,,,
Obox1,M01450;9.42E-02,,,,
SIX2,UP00159;9.43E-02,,,,
Trp53,MC00377;9.44E-02,,,,
RFX1,MA0365;9.45E-02,,,,
RORB,M01722;9.47E-02,,,,
ZNF350,M01105;9.55E-02,,,,
BPTF,M00456;9.59E-02,,,,
RXRB,MS00692;9.66E-02,,,,
SCRT2,MS00190;9.74E-02,,,,
SOX4,MS00766;9.75E-02,UP00401;2.16E-01,,,
TP53,MC00359;9.76E-02,,,,
ZNF423,M00467;9.85E-02,,,,
SPIB,MA0081;9.85E-02,MS00039;2.39E-01,,,
Irf5,UP00040;9.95E-02,,,,
HOXC12,MS00502;9.98E-02,MS00503;4.87E-01,,,
FOXJ2,MS00366;1.00E-01,,,,
Isx,UP00243;1.00E-01,,,,
Gata1,MC00327;1.01E-01,,,,
FOXF2,MA0030;1.01E-01,,,,
MEOX2,MS00552;1.02E-01,MS00554;2.46E-01,MS00553;6.27E-01,,
NR2F6,MS00658;1.03E-01,M01728;1.36E-01,,,
MAFK,MS00331;1.03E-01,MS00330;4.35E-01,,,
OTX1,MS00582;1.06E-01,,,,
ERG,MS00848;1.07E-01,MC00168;1.21E-01,,,
Foxj1,UP00041;1.09E-01,,,,
IRF5,MS00067;1.09E-01,,,,
Bcl6,MC00111;1.10E-01,,,,
IRF8,MS00072;1.10E-01,,,,
POU2F1,MC00288;1.11E-01,MS00132;5.82E-01,UP00254;6.85E-01,MS00131;7.07E-01,
IRF1,M00062;1.11E-01,,,,
RHOXF1,MS00609;1.12E-01,,,,
ZFP42,M01744;1.13E-01,,,,
STAT5A,MC00453;1.13E-01,,,,
HSFY2,MS00061;1.13E-01,MS00062;2.64E-01,,,
Uncx,MS00618;1.14E-01,MS00619;3.12E-01,,,
Bcl6b,UP00043;1.14E-01,,,,
Dmrta2,M01150;1.14E-01,,,,
Osr2,UP00052;1.14E-01,,,,
Dbp,MS00316;1.15E-01,,,,
PROX1,MS00160;1.19E-01,,,,
HSF1,MC00289;1.19E-01,MA0319;3.50E-01,,,
ZBTB12,UP00019;1.20E-01,,,,
Arx,MS00409;1.21E-01,UP00152;7.43E-01,,,
FOXD2,MS00356;1.22E-01,MS00355;8.56E-01,,,
NR1H4,M01268;1.24E-01,,,,
NFKB2,MS00111;1.24E-01,,,,
NKX2-1,M01312;1.26E-01,,,,
ZNF354C,MA0130;1.26E-01,,,,
ETV6,MS00021;1.26E-01,,,,
Obox3,M01466;1.29E-01,,,,
Foxk1,MS00399;1.29E-01,MS00398;1.75E-01,,,
SMAD2/3,MC00223;1.29E-01,,,,
Nr2f2,UP00009;1.29E-01,,,,
Zfp652,MS00501;1.30E-01,,,,
TGIF2LX,MS00095;1.33E-01,,,,
TFEC,MS00808;1.34E-01,,,,
Nr1h2,MC00448;1.38E-01,,,,
CEBPD,MS00299;1.39E-01,M00621;7.65E-01,,,
TGIF1,MS00094;1.40E-01,,,,
Tal1,MC00388;1.41E-01,,,,
Nfya,MC00191;1.41E-01,,,,
Gata4,MC00324;1.41E-01,,,,
Spdef,UP00038;1.43E-01,,,,
GSC,MS00464;1.43E-01,,,,
IRX5,UP00250;1.44E-01,MS00527;9.34E-01,,,
Evx2,UP00132;1.44E-01,,,,
FOXI1,M00289;1.45E-01,MS00362;3.83E-01,,,
NRL,MS00338;1.45E-01,,,,
EVX1,MS00454;1.46E-01,,,,
MAX,MC00124;1.48E-01,,,,
HINFP,MA0131;1.49E-01,,,,
BARHL2,UP00145;1.49E-01,MS00416;2.89E-01,MS00414;5.52E-01,,
Obox6,M01445;1.50E-01,,,,
MAFA,M01709;1.50E-01,,,,
Yy1,MC00372;1.52E-01,,,,
RORA,MS00686;1.54E-01,MS00685;2.47E-01,,,
PHOX2A,UP00221;1.56E-01,MS00591;5.80E-01,,,
Foxj3,MS00397;1.58E-01,MS00394;1.77E-01,,,
SOX8,MS00771;1.58E-01,MS00774;7.42E-01,,,
Sox30,UP00023;1.59E-01,,,,
Gata3,MC00326;1.59E-01,,,,
LMO2,MC00162;1.59E-01,,,,
SOX9,MS00780;1.62E-01,MS00052;3.00E-01,MS00785;7.29E-01,,
Osr1,UP00027;1.62E-01,,,,
PBX1,UP00185;1.62E-01,,,,
ZEB1,MA0103;1.63E-01,,,,
NFIL3,MS00337;1.63E-01,,,,
GZF1,M01069;1.63E-01,,,,
Elf5,MS00022;1.63E-01,,,,
E4F1,M00694;1.63E-01,,,,
NKX2-2,UP00231;1.67E-01,,,,
NFE2L2,MC00339;1.67E-01,,,,
Etv6,UP00418;1.68E-01,,,,
GABPA,MC00367;1.68E-01,,,,
FOXO6,MS00386;1.70E-01,MS00384;3.17E-01,,,
Mxi1,MC00373;1.70E-01,,,,
STAT1,MC00348;1.71E-01,,,,
Hoxc9,MC00402;1.73E-01,,,,
MEF2C,MC00231;1.75E-01,,,,
ELF4,MS00834;1.76E-01,,,,
TGIF2,MS00096;1.77E-01,,,,
CEBPE,MS00300;1.77E-01,,,,
LHX4,UP00261;1.78E-01,,,,
Tcf7,MS00054;1.78E-01,,,,
ZSCAN4,MS00490;1.78E-01,,,,
Lhx9,UP00175;1.78E-01,,,,
FOXG1,MS00361;1.78E-01,MS00360;8.24E-01,,,
GRHL1,MS00556;1.80E-01,,,,
NR2F2,M00155;1.82E-01,,,,
ELK1,MC00206;1.82E-01,,,,
HOXA10,MS00481;1.83E-01,MS00480;8.60E-01,,,
FOXO1,MS00376;1.83E-01,MS00375;5.74E-01,,,
FOXD1,MA0031;1.84E-01,,,,
GSC2,MS00463;1.85E-01,,,,
Cebpb,MC00121;1.85E-01,,,,
EMX1,MS00442;1.86E-01,MS00441;5.72E-01,,,
Sox11,MS00795;1.90E-01,UP00030;6.36E-01,,,
Irx3,MS00532;1.90E-01,UP00223;3.81E-01,,,
Msx3,MS00564;1.92E-01,,,,
CDX1,MS00425;1.93E-01,,,,
TCF7L1,MS00053;1.96E-01,,,,
Smad2/3,MC00146;1.97E-01,,,,
HOXB9,UP00207;1.98E-01,,,,
LMX1B,UP00169;1.98E-01,,,,
ZNF282,MS00729;1.98E-01,,,,
ATF3,MC00473;2.00E-01,,,,
CPEB1,MS00732;2.01E-01,,,,
Nkx2-5,MC00178;2.01E-01,,,,
VAX2,MS00621;2.02E-01,,,,
POU3F3,MS00144;2.02E-01,MS00142;5.57E-01,MS00143;8.85E-01,,
NFYA,MC00364;2.06E-01,,,,
Olig2,MC00341;2.07E-01,,,,
Dmrta1,M01149;2.10E-01,,,,
Nr5a2,MC00352;2.11E-01,,,,
HLF,MS00317;2.11E-01,,,,
HSF4,MS00060;2.12E-01,,,,
Mybl1,UP00081;2.14E-01,,,,
POU5F1P1,MS00152;2.14E-01,MS00153;3.95E-01,,,
Gata2,MC00325;2.14E-01,,,,
HOXC5,UP00252;2.15E-01,,,,
FOXL1,MS00372;2.15E-01,MS00373;4.75E-01,,,
ELF5,MS00838;2.16E-01,,,,
LHX3,UP00130;2.24E-01,,,,
ELF2,UP00404;2.24E-01,,,,
Ets1,MC00385;2.24E-01,,,,
SPI1,MC00151;2.25E-01,,,,
Hoxb3,UP00137;2.26E-01,,,,
GFI1,M01067;2.27E-01,,,,
Foxg1,MS00392;2.28E-01,MS00393;2.93E-01,,,
TCF4,MS00285;2.28E-01,MC00219;3.91E-01,,,
TCF7L2,MC00309;2.31E-01,,,,
HOXD12,MS00837;2.32E-01,MS00836;7.06E-01,,,
DMRT2,M01147;2.33E-01,,,,
POU2F2,MC00287;2.35E-01,MS00134;6.38E-01,,,
ARX,MS00405;2.37E-01,,,,
NR2E1,MS00652;2.39E-01,MS00653;3.48E-01,,,
CART1,MS00424;2.41E-01,,,,
HOXA3,UP00391;2.43E-01,,,,
GSX1,MS00465;2.43E-01,,,,
En2,MS00458;2.45E-01,,,,
GATA2,MC00118;2.47E-01,,,,
CEBPA,MC00273;2.50E-01,M00159;5.60E-01,,,
HOXA9,UP00213;2.51E-01,,,,
Spic,MS00041;2.55E-01,,,,
POU3F2,UP00128;2.56E-01,MS00141;5.45E-01,MS00140;7.16E-01,,
TCF12,MC00126;2.57E-01,,,,
STAT5B,MC00452;2.57E-01,,,,
SIX1,UP00192;2.58E-01,,,,
ZNF628,M01081;2.58E-01,,,,
FOXP3,M00992;2.59E-01,MS00387;3.26E-01,,,
Barhl1,MS00422;2.61E-01,MS00421;8.45E-01,,,
TBX22,M01195;2.63E-01,,,,
BARHL1,UP00166;2.63E-01,,,,
TLX2,UP00244;2.68E-01,,,,
HOXB2,MS00491;2.72E-01,,,,
CEBPB,MC00272;2.73E-01,,,,
Bhlhb2,MS00252;2.75E-01,,,,
ISL2,MS00528;2.75E-01,,,,
Nr2f6,MS00669;2.78E-01,,,,
IRX2,UP00236;2.79E-01,MS00526;8.63E-01,,,
IRF9,MS00073;2.80E-01,,,,
CUX1,M00105;2.81E-01,MS00601;8.78E-01,MS00612;9.25E-01,,
Myb,MC00408;2.82E-01,,,,
ATF5,M01295;2.83E-01,,,,
MYOG,M00712;2.84E-01,,,,
NKX6-2,MS00577;2.84E-01,,,,
VSX1,MS00626;2.86E-01,,,,
Neurod1,MC00354;2.86E-01,,,,
HEY1,MS00258;2.87E-01,,,,
HOXB5,MS00493;2.89E-01,UP00214;4.79E-01,,,
Cbfa2t2,MC00514;2.90E-01,,,,
UNCX,MS00616;2.90E-01,MS00617;9.44E-01,,,
FOXJ3,MS00367;2.91E-01,MS00369;3.86E-01,MS00370;4.26E-01,,
HMX2,MS00474;2.91E-01,,,,
TBX20,MS00202;2.93E-01,,,,
Max,MC00461;2.93E-01,,,,
POU3F4,MS00145;2.93E-01,UP00105;3.32E-01,MS00147;8.28E-01,,
DPRX,MS00436;2.94E-01,,,,
ELK3,MS00844;2.96E-01,,,,
RFX5,MS00169;2.96E-01,,,,
FOXB1,MS00343;2.98E-01,MS00348;5.95E-01,,,
NR2F1,MS00657;2.99E-01,MA0017;5.02E-01,,,
HEY2,MS00260;3.00E-01,,,,
Zfp128,UP00094;3.01E-01,,,,
NFATC2,MA0152;3.04E-01,,,,
HSF2,MS00059;3.08E-01,,,,
SOX21,MS00757;3.10E-01,MS00755;6.48E-01,MS00759;9.64E-01,,
STAT4,MC00347;3.11E-01,,,,
Nr2e1,MS00668;3.14E-01,,,,
NKX2-5,UP00249;3.14E-01,M00241;4.91E-01,,,
SIX6,UP00388;3.15E-01,,,,
ZNF713,MS00731;3.19E-01,,,,
TBX18,M01262;3.20E-01,,,,
Npas4,MC00370;3.21E-01,,,,
HOXD13,MS00510;3.26E-01,MS00511;4.96E-01,,,
MAFF,MS00326;3.26E-01,,,,
HOXC11,MS00498;3.27E-01,MS00497;4.55E-01,,,
Sox12,UP00101;3.29E-01,,,,
NR2E3,M01650;3.29E-01,MA0164;7.40E-01,,,
TBP,MA0108;3.30E-01,MA0386;5.99E-01,,,
Scx,MC00504;3.30E-01,,,,
ZBTB16,M01075;3.35E-01,,,,
FOXK1,MS00371;3.39E-01,,,,
HOXA7,UP00164;3.40E-01,M01108;5.80E-01,,,
TFEB,MS00289;3.42E-01,,,,
NEUROD2,MS00271;3.45E-01,,,,
ZNF435,MS00730;3.45E-01,,,,
NFKB1,MS00110;3.45E-01,,,,
LMX1A,MS00543;3.52E-01,,,,
ALX1,M01453;3.56E-01,M00416;7.83E-01,,,
IRF3,UP00086;3.56E-01,,,,
SPDEF,MS00033;3.58E-01,,,,
Alx1,MS00407;3.62E-01,MS00406;4.36E-01,,,
E2F8,MS00739;3.62E-01,,,,
Pou3f1,UP00129;3.63E-01,,,,
FOXO3,MS00380;3.63E-01,MS00378;5.07E-01,,,
PROP1,MS00597;3.63E-01,,,,
Sox6,MC00305;3.66E-01,,,,
DMRT1,M01146;3.67E-01,,,,
NFAT5,MS00106;3.67E-01,,,,
POU2F3,MS00136;3.69E-01,MS00137;5.47E-01,,,
HOXA4,M00640;3.70E-01,UP00196;6.51E-01,,,
Mafk,UP00044;3.72E-01,,,,
IRX4,UP00194;3.72E-01,,,,
POU6F1,M01479;3.74E-01,M00465;9.10E-01,,,
ISL1,M01127;3.75E-01,,,,
SOX7,MS00769;3.77E-01,MS00770;6.41E-01,,,
Lbx2,UP00120;3.78E-01,,,,
Elk3,MS00023;3.79E-01,,,,
TFAP4,MS00287;3.79E-01,,,,
Yy2,M01694;3.79E-01,,,,
MEOX1,MS00551;3.81E-01,,,,
RARB,MS00811;3.83E-01,,,,
Pax7,UP00248;3.84E-01,MC00258;6.97E-01,,,
ETV4,MS00018;3.85E-01,,,,
DRGX,MS00437;3.85E-01,,,,
Rela,MC00135;3.87E-01,,,,
Hoxd1,UP00140;3.87E-01,,,,
ETS2,M01207;3.88E-01,,,,
HOXA2,MS00487;3.89E-01,,,,
ALX4,MS00404;3.89E-01,UP00187;5.82E-01,,,
SOX2,MC00269;3.90E-01,MS00762;7.41E-01,,,
FOXP1,M00987;3.90E-01,MC00501;5.37E-01,,,
Sfpi1,UP00085;3.93E-01,MC00180;4.35E-01,MC00395;4.35E-01,,
Tcf21,MS00291;3.94E-01,,,,
LHX5,UP00212;3.94E-01,,,,
NKX6-1,MS00575;3.95E-01,,,,
ALX3,MS00403;3.96E-01,MS00402;7.54E-01,,,
GATA6,MC00117;3.96E-01,,,,
ELF3,MS00812;3.96E-01,,,,
RBPJ,M01112;3.97E-01,,,,
MEIS1::HOXA9,M00420;3.98E-01,,,,
Sox3,MS00803;3.99E-01,MS00805;9.74E-01,,,
ZNF238,MS00390;4.00E-01,,,,
BHLHE22,MS00249;4.02E-01,,,,
Elf4,UP00413;4.03E-01,,,,
Alx4,MS00408;4.05E-01,,,,
MAFB,UP00045;4.05E-01,,,,
BCL11A,MC00474;4.08E-01,,,,
EVX2,MS00455;4.10E-01,,,,
RUNX3,MS00177;4.10E-01,,,,
LHX2,MS00536;4.11E-01,MS00537;4.26E-01,,,
BARX1,MS00417;4.14E-01,UP00181;4.99E-01,MS00418;8.77E-01,,
EMX2,MS00444;4.17E-01,MS00443;4.25E-01,,,
Nkx1-1,M01334;4.18E-01,,,,
HOXC13,MS00505;4.19E-01,MS00504;6.44E-01,,,
IRF7,MS00070;4.19E-01,,,,
Sox8,UP00051;4.20E-01,,,,
Rarb,MS00700;4.20E-01,,,,
NKX3-2,MS00573;4.21E-01,,,,
Hoxa11,MS00515;4.22E-01,MS00514;8.18E-01,,,
Myf5,MC00195;4.26E-01,,,,
Rxra,MC00471;4.26E-01,,,,
HOXC4,UP00113;4.27E-01,,,,
Cdx2,MC00455;4.30E-01,,,,
TBX19,MS00194;4.31E-01,,,,
Sox18,UP00064;4.31E-01,,,,
Spi1,MC00506;4.35E-01,,,,
Zfp105,UP00037;4.38E-01,,,,
ETV2,MS00016;4.43E-01,,,,
HOXB13,MS00489;4.45E-01,MS00488;7.23E-01,,,
POU5F1,MC00378;4.49E-01,,,,
Stat5b,MC00204;4.51E-01,,,,
Atoh1,MS00244;4.54E-01,MC00414;7.21E-01,,,
PRRX1,MS00602;4.56E-01,MS00599;6.75E-01,,,
GATA3,MC00119;4.57E-01,,,,
BHLHB2,MS00247;4.58E-01,,,,
REL,MA0101;4.58E-01,,,,
Hoxc10,MS00518;4.61E-01,MS00517;7.40E-01,,,
ETV7,M00678;4.62E-01,,,,
FEV,MS00025;4.64E-01,,,,
NFATC1,MC00211;4.64E-01,,,,
ZBED1,MS00290;4.69E-01,,,,
LHX9,MS00542;4.70E-01,MS00541;6.77E-01,,,
Trp63,M01656;4.72E-01,,,,
Dmrtc2,M01151;4.75E-01,,,,
POU3F1,MS00138;4.75E-01,M00133;6.85E-01,MS00139;8.46E-01,,
Sox14,UP00004;4.76E-01,,,,
NEUROG2,MS00272;4.78E-01,,,,
Bbx,UP00012;4.78E-01,,,,
Foxf1a,M00294;4.78E-01,,,,
PDX1,MS00589;4.82E-01,MS00588;9.95E-01,,,
DMRT3,M01148;4.84E-01,,,,
Nkx3-1,MS00580;4.84E-01,MC00250;6.13E-01,,,
EPAS1,MC00224;4.89E-01,,,,
Lhx1,UP00262;4.90E-01,,,,
HOXA5,UP00189;4.91E-01,,,,
FOXC1,MS00349;4.92E-01,MS00351;9.30E-01,MS00350;9.87E-01,,
Lhx4,MS00547;4.93E-01,,,,
Fli1,MC00129;4.96E-01,,,,
Hoxd13,MS00520;4.96E-01,MS00519;5.03E-01,,,
Nr1d2,MC00186;4.96E-01,,,,
Meox2,MS00563;4.98E-01,,,,
Hoxb4,MC00136;5.00E-01,UP00144;7.70E-01,,,
HOMEZ,MS00055;5.00E-01,,,,
Sox7,UP00034;5.01E-01,,,,
VSX2,MS00627;5.02E-01,,,,
FOXC2,MS00354;5.04E-01,MS00352;8.52E-01,,,
Nkx6-1,MS00581;5.04E-01,,,,
TBX1,MS00197;5.04E-01,,,,
OLIG1,MS00276;5.07E-01,,,,
Hoxd3,MS00521;5.08E-01,,,,
ZNF784,MS00479;5.10E-01,,,,
ERF,MS00846;5.15E-01,,,,
PPARA,M01282;5.17E-01,,,,
ID4,MS00261;5.21E-01,,,,
MNT,MS00267;5.21E-01,,,,
BHLHB3,MS00248;5.25E-01,,,,
NR6A1,M00526;5.27E-01,,,,
GSX2,M01326;5.31E-01,MS00466;5.95E-01,,,
BARX2,UP00151;5.36E-01,,,,
HOXA13,MS00484;5.40E-01,MS00485;6.14E-01,,,
POU4F2,MS00149;5.40E-01,,,,
Nkx2-4,UP00107;5.46E-01,,,,
MSX1,MS00558;5.48E-01,MS00559;7.88E-01,,,
SRY,MS00787;5.48E-01,MA0084;6.21E-01,MS00788;9.77E-01,,
HMX1,MS00473;5.49E-01,,,,
Gata5,UP00080;5.51E-01,,,,
Hoxc6,UP00260;5.51E-01,,,,
DLX1,MS00427;5.64E-01,,,,
PHOX2B,MS00593;5.65E-01,,,,
MSX2,MS00561;5.68E-01,,,,
Pou5f1,MC00233;5.71E-01,,,,
SF1,M01132;5.71E-01,,,,
Foxc1,MS00388;5.73E-01,,,,
EHF,MS00778;5.75E-01,,,,
LBX2,MS00533;5.81E-01,MS00535;8.31E-01,,,
STAT6,M00500;5.84E-01,,,,
NFIA,MS00820;5.85E-01,,,,
SOX5,UP00091;5.85E-01,,,,
LHX6,MS00540;5.86E-01,MS00539;9.71E-01,,,
SPIC,MS00040;5.86E-01,,,,
MNX1,MS00557;5.89E-01,,,,
Bsx,UP00138;5.91E-01,,,,
Srf,MC00329;5.93E-01,,,,
ZNF217,M01306;5.98E-01,,,,
AR,MC00468;6.01E-01,,,,
HOXD11,MS00507;6.03E-01,MS00506;9.61E-01,,,
SATB1,M01723;6.10E-01,,,,
Hoxd8,UP00168;6.13E-01,,,,
OLIG3,MS00280;6.14E-01,,,,
RAX,MS00606;6.15E-01,,,,
EN1,MS00449;6.17E-01,MS00446;7.44E-01,,,
ONECUT2,MS00679;6.17E-01,,,,
Stat5a,MC00205;6.19E-01,,,,
Gbx2,MS00469;6.33E-01,,,,
POU6F2,MS00155;6.34E-01,,,,
Nanog,MC00226;6.34E-01,,,,
PRDM1,MS00168;6.37E-01,,,,
CDX2,MC00389;6.41E-01,,,,
ESRRA,MS00829;6.41E-01,,,,
HBP1,UP00055;6.42E-01,,,,
Arntl,MC00362;6.50E-01,,,,
Hoxb7,UP00206;6.51E-01,,,,
BCL6B,MS00011;6.51E-01,,,,
CLOCK,MS00253;6.54E-01,,,,
Hoxa2,MS00516;6.55E-01,,,,
MYF6,MS00269;6.57E-01,,,,
Hmx2,UP00155;6.57E-01,,,,
FOXA2,MC00217;6.58E-01,,,,
ESX1,MS00452;6.63E-01,,,,
EN2,MS00450;6.68E-01,,,,
Atf4,MS00295;6.72E-01,,,,
NOTO,MS00578;6.72E-01,,,,
HMGA2,M01300;6.73E-01,,,,
BHLHA15,MS00245;6.73E-01,,,,
ARID3A,UP00078;6.75E-01,,,,
GATA5,MS00045;6.75E-01,,,,
SNAI2,MS00201;6.80E-01,,,,
HOXA1,MS00486;6.81E-01,,,,
Hoxd10,UP00121;6.82E-01,,,,
ISX,MS00531;6.83E-01,,,,
CDC5L,M00478;6.86E-01,,,,
SHOX2,MS00613;6.88E-01,,,,
IRX6,UP00150;6.90E-01,,,,
VAX1,MS00620;6.95E-01,,,,
HNF1A,MS00476;6.96E-01,,,,
ZNF232,MS00728;7.03E-01,,,,
DUXA,MS00438;7.08E-01,,,,
Hsf1,MC00368;7.18E-01,,,,
HOXC9,UP00197;7.19E-01,,,,
E2F7,MS00756;7.19E-01,,,,
NFATC4,M01734;7.20E-01,,,,
ONECUT3,MS00690;7.22E-01,,,,
GBX1,MS00459;7.28E-01,,,,
Shox2,MS00615;7.28E-01,,,,
Nr1d1,MC00524;7.29E-01,,,,
GBX2,MS00460;7.34E-01,MS00461;9.15E-01,,,
NR4A2,MS00665;7.39E-01,,,,
Pou3f3,UP00211;7.41E-01,,,,
SHOX,MS00614;7.49E-01,,,,
Nkx6-3,UP00238;7.52E-01,,,,
MSC,MS00807;7.59E-01,,,,
Sox10,MS00794;7.66E-01,,,,
Nr3c1,MC00396;7.69E-01,,,,
HESX1,MS00470;7.69E-01,,,,
HOXA6,UP00182;7.74E-01,,,,
Sox21,UP00071;7.79E-01,,,,
Pdx1,MC00165;7.79E-01,,,,
MYB,UP00092;7.80E-01,,,,
Esrra,MS00641;7.83E-01,,,,
Cebpa,MC00122;7.83E-01,,,,
SOX14,MS00748;7.83E-01,,,,
SOX15,MS00750;7.91E-01,,,,
POU4F3,MS00151;7.92E-01,,,,
Sox17,UP00014;7.92E-01,MS00797;9.60E-01,,,
LEF1,MS00051;7.97E-01,,,,
Hoxd11,UP00117;7.99E-01,,,,
Meis1,MC00507;8.04E-01,,,,
Ikzf3,MC00337;8.05E-01,,,,
Prrx2,MS00604;8.05E-01,,,,
PAX7,MS00126;8.05E-01,,,,
POU4F1,MS00148;8.07E-01,,,,
FIGLA,MS00254;8.12E-01,,,,
Pax3,MC00260;8.13E-01,,,,
Hlx,M01399;8.18E-01,,,,
ONECUT1,MS00667;8.20E-01,,,,
Myod1,MC00369;8.22E-01,,,,
SOX13,UP00096;8.26E-01,,,,
IKZF2,M01004;8.26E-01,,,,
MLXIPL,MS00265;8.29E-01,,,,
SOX18,MS00753;8.29E-01,,,,
ZNF410,MS00412;8.32E-01,,,,
Hoxb8,UP00263;8.35E-01,,,,
HOXC8,UP00242;8.37E-01,,,,
NR3C1,MC00465;8.40E-01,,,,
TBX15,MS00192;8.47E-01,,,,
HOXD3,UP00241;8.50E-01,,,,
BHLHE23,MS00250;8.53E-01,,,,
Gbx1,MS00467;8.54E-01,,,,
Dbx2,UP00218;8.56E-01,,,,
OLIG2,MS00277;8.58E-01,,,,
Homez,UP00114;8.59E-01,,,,
ZNF75A,MS00468;8.61E-01,,,,
Hmx3,M00433;8.66E-01,,,,
DLX6,MS00432;8.69E-01,,,,
Nobox,MA0125;8.72E-01,,,,
MIXL1,MS00555;8.72E-01,,,,
Tcf3,MC00265;8.74E-01,,,,
Rbfox2,MC00416;8.74E-01,,,,
Sox1,UP00069;8.77E-01,MS00800;8.79E-01,MS00802;9.01E-01,,
Dbx1,M01483;8.78E-01,,,,
VENTX,MS00624;8.82E-01,,,,
Foxa1,MC00104;8.87E-01,,,,
ZNF333,M01230;8.87E-01,,,,
Rhox6,M01435;8.88E-01,,,,
HMX3,MS00475;8.92E-01,,,,
Hoxd12,UP00177;8.93E-01,,,,
Vax1,UP00215;8.98E-01,,,,
HOXD8,MS00513;8.99E-01,,,,
HOXB6,UP00259;9.07E-01,,,,
Nkx1-2,UP00139;9.12E-01,,,,
Vsx1,MS00628;9.17E-01,,,,
MLX,MS00266;9.26E-01,,,,
Foxa2,MC00105;9.26E-01,,,,
BSX,MS00419;9.32E-01,,,,
DLX2,MS00428;9.35E-01,UP00126;9.93E-01,,,
FOXA1,MC00311;9.39E-01,,,,
Zfp187,UP00082;9.39E-01,,,,
NR3C2,MS00662;9.49E-01,,,,
Mlx,MS00270;9.53E-01,,,,
RAXL1,MS00605;9.57E-01,,,,
DLX5,MS00431;9.61E-01,,,,
DLX4,MS00430;9.64E-01,,,,
PRRX2,MS00603;9.65E-01,,,,
Dlx1,MS00439;9.67E-01,,,,
DLX3,MS00429;9.71E-01,,,,
Dlx2,MS00440;9.71E-01,,,,
Foxq1,MA0040;9.76E-01,,,,
Sox15,UP00075;9.88E-01,,,,
CUX2,MS00634;9.98E-01,,,,
